Community 0,Community 1,Community 2,Community 3,Community 4,Community 5,Community 6,Community 7,Community 8,Community 9,Community 10,Community 11,Community 12,Community 13,Community 14,Community 15,Community 16,Community 17,Community 18,Community 19,Community 20,Community 21,Community 22,Community 23,Community 24,Community 25,Community 26,Community 27,Community 28,Community 29,Community 30,Community 31,Community 32,Community 33,Community 34,Community 35,Community 36,Community 37,Community 38,Community 39,Community 40,Community 41,Community 42,Community 43,Community 44,Community 45,Community 46,Community 47,Community 48,Community 49,Community 50,Community 51,Community 52,Community 53,Community 54,Community 55
0 : Bacteria_Actinobacteriota_Actinobacteria_Bifidobacteriales_Bifidobacteriaceae_Bifidobacterium_bifidum.1,1 : Bacteria_Actinobacteriota_Actinobacteria_Bifidobacteriales_Bifidobacteriaceae_Bifidobacterium_longum.1,2 : Bacteria_Actinobacteriota_Actinobacteria_Bifidobacteriales_Bifidobacteriaceae_Bifidobacterium_longum.2,4 : Bacteria_Actinobacteriota_Actinobacteria_Bifidobacteriales_Bifidobacteriaceae_Bifidobacterium_NA.21,5 : Bacteria_Actinobacteriota_Coriobacteriia_Coriobacteriales_Coriobacteriaceae_Collinsella_NA.7,6 : Bacteria_Actinobacteriota_Coriobacteriia_Coriobacteriales_Eggerthellaceae_Adlercreutzia_equolifaciens.3,8 : Bacteria_Actinobacteriota_Coriobacteriia_Coriobacteriales_Eggerthellaceae_Senegalimassilia_NA.7,9 : Bacteria_Actinobacteriota_Coriobacteriia_Coriobacteriales_Eggerthellaceae_Slackia_isoflavoniconvertens.1,10 : Bacteria_Bacteroidota_Bacteroidia_Bacteroidales_Bacteroidaceae_Bacteroides_caccae.1,13 : Bacteria_Bacteroidota_Bacteroidia_Bacteroidales_Bacteroidaceae_Bacteroides_clarus.1,14 : Bacteria_Bacteroidota_Bacteroidia_Bacteroidales_Bacteroidaceae_Bacteroides_coprocola.2,15 : Bacteria_Bacteroidota_Bacteroidia_Bacteroidales_Bacteroidaceae_Bacteroides_eggerthii.1,17 : Bacteria_Bacteroidota_Bacteroidia_Bacteroidales_Bacteroidaceae_Bacteroides_intestinalis.1,22 : Bacteria_Bacteroidota_Bacteroidia_Bacteroidales_Bacteroidaceae_Bacteroides_NA.286,23 : Bacteria_Bacteroidota_Bacteroidia_Bacteroidales_Bacteroidaceae_Bacteroides_NA.288,26 : Bacteria_Bacteroidota_Bacteroidia_Bacteroidales_Bacteroidaceae_Bacteroides_NA.307,27 : Bacteria_Bacteroidota_Bacteroidia_Bacteroidales_Bacteroidaceae_Bacteroides_NA.311,28 : Bacteria_Bacteroidota_Bacteroidia_Bacteroidales_Bacteroidaceae_Bacteroides_NA.320,30 : Bacteria_Bacteroidota_Bacteroidia_Bacteroidales_Bacteroidaceae_Bacteroides_NA.331,31 : Bacteria_Bacteroidota_Bacteroidia_Bacteroidales_Bacteroidaceae_Bacteroides_NA.339,32 : Bacteria_Bacteroidota_Bacteroidia_Bacteroidales_Bacteroidaceae_Bacteroides_NA.342,36 : Bacteria_Bacteroidota_Bacteroidia_Bacteroidales_Bacteroidaceae_Bacteroides_NA.374,37 : Bacteria_Bacteroidota_Bacteroidia_Bacteroidales_Bacteroidaceae_Bacteroides_NA.383,38 : Bacteria_Bacteroidota_Bacteroidia_Bacteroidales_Bacteroidaceae_Bacteroides_NA.398,48 : Bacteria_Bacteroidota_Bacteroidia_Bacteroidales_Bacteroidaceae_Bacteroides_vulgatus.4,49 : Bacteria_Bacteroidota_Bacteroidia_Bacteroidales_Barnesiellaceae_Barnesiella_intestinihominis.2,51 : Bacteria_Bacteroidota_Bacteroidia_Bacteroidales_Barnesiellaceae_Barnesiella_NA.11,52 : Bacteria_Bacteroidota_Bacteroidia_Bacteroidales_Barnesiellaceae_Barnesiella_NA.23,55 : Bacteria_Bacteroidota_Bacteroidia_Bacteroidales_Barnesiellaceae_Barnesiella_NA.44,56 : Bacteria_Bacteroidota_Bacteroidia_Bacteroidales_Barnesiellaceae_Coprobacter_NA.10,57 : Bacteria_Bacteroidota_Bacteroidia_Bacteroidales_Marinifilaceae_Butyricimonas_NA.31,58 : Bacteria_Bacteroidota_Bacteroidia_Bacteroidales_Marinifilaceae_Butyricimonas_virosa.2,59 : Bacteria_Bacteroidota_Bacteroidia_Bacteroidales_Muribaculaceae_CAG-873_NA.3,60 : Bacteria_Bacteroidota_Bacteroidia_Bacteroidales_Muribaculaceae_NA_NA.15,61 : Bacteria_Bacteroidota_Bacteroidia_Bacteroidales_NA_NA_NA.4,63 : Bacteria_Bacteroidota_Bacteroidia_Bacteroidales_Porphyromonadaceae_Porphyromonas_NA.22,69 : Bacteria_Bacteroidota_Bacteroidia_Bacteroidales_Prevotellaceae_Prevotella_7_NA.11,70 : Bacteria_Bacteroidota_Bacteroidia_Bacteroidales_Prevotellaceae_Prevotella_7_NA.18,72 : Bacteria_Bacteroidota_Bacteroidia_Bacteroidales_Prevotellaceae_Prevotella_9_copri.2,74 : Bacteria_Bacteroidota_Bacteroidia_Bacteroidales_Prevotellaceae_Prevotella_9_NA.108,85 : Bacteria_Bacteroidota_Bacteroidia_Bacteroidales_Prevotellaceae_Prevotella_intermedia.3,89 : Bacteria_Bacteroidota_Bacteroidia_Bacteroidales_Rikenellaceae_Alistipes_NA.28,94 : Bacteria_Bacteroidota_Bacteroidia_Bacteroidales_Rikenellaceae_Rikenellaceae-RC9-gut-group_NA.48,105 : Bacteria_Firmicutes_Clostridia_Christensenellales_Christensenellaceae_Christensenellaceae-R-7-group_NA.104,108 : Bacteria_Firmicutes_Clostridia_Christensenellales_Christensenellaceae_Christensenellaceae-R-7-group_NA.131,112 : Bacteria_Firmicutes_Clostridia_Christensenellales_Christensenellaceae_Christensenellaceae-R-7-group_NA.2,120 : Bacteria_Firmicutes_Clostridia_Clostridiales_Clostridiaceae_Clostridium-sensu-stricto-12_NA.25,137 : Bacteria_Firmicutes_Clostridia_Lachnospirales_Lachnospiraceae_Agathobacter_NA.120,139 : Bacteria_Firmicutes_Clostridia_Lachnospirales_Lachnospiraceae_Anaerostipes_hadrus.1,152 : Bacteria_Firmicutes_Clostridia_Lachnospirales_Lachnospiraceae_Eubacterium-eligens-group_NA.13,164 : Bacteria_Firmicutes_Clostridia_Lachnospirales_Lachnospiraceae_Lachnoclostridium_NA.68,175 : Bacteria_Firmicutes_Clostridia_Lachnospirales_Lachnospiraceae_Lachnospiraceae-NK4A136-group_NA.1,188 : Bacteria_Firmicutes_Clostridia_Lachnospirales_Lachnospiraceae_Ruminococcus-gnavus-group_NA.10,208 : Bacteria_Firmicutes_Clostridia_Oscillospirales_Oscillospiraceae_UCG-002_NA.2,216 : Bacteria_Firmicutes_Clostridia_Oscillospirales_Oscillospiraceae_UCG-005_NA.22,226 : Bacteria_Firmicutes_Clostridia_Oscillospirales_Ruminococcaceae_Faecalibacterium_NA.13
3 : Bacteria_Actinobacteriota_Actinobacteria_Bifidobacteriales_Bifidobacteriaceae_Bifidobacterium_NA.12,198 : Bacteria_Firmicutes_Clostridia_Oscillospirales_Oscillospiraceae_Colidextribacter_NA.17,90 : Bacteria_Bacteroidota_Bacteroidia_Bacteroidales_Rikenellaceae_Alistipes_NA.47,11 : Bacteria_Bacteroidota_Bacteroidia_Bacteroidales_Bacteroidaceae_Bacteroides_caccae.2,12 : Bacteria_Bacteroidota_Bacteroidia_Bacteroidales_Bacteroidaceae_Bacteroides_caccae.3,7 : Bacteria_Actinobacteriota_Coriobacteriia_Coriobacteriales_Eggerthellaceae_Adlercreutzia_NA.6,165 : Bacteria_Firmicutes_Clostridia_Lachnospirales_Lachnospiraceae_Lachnoclostridium_NA.83,50 : Bacteria_Bacteroidota_Bacteroidia_Bacteroidales_Barnesiellaceae_Barnesiella_NA.1,39 : Bacteria_Bacteroidota_Bacteroidia_Bacteroidales_Bacteroidaceae_Bacteroides_nordii.1,206 : Bacteria_Firmicutes_Clostridia_Oscillospirales_Oscillospiraceae_UCG-002_NA.11,18 : Bacteria_Bacteroidota_Bacteroidia_Bacteroidales_Bacteroidaceae_Bacteroides_massiliensis.1,102 : Bacteria_Cyanobacteria_Vampirivibrionia_Gastranaerophilales_NA_NA_NA.2,21 : Bacteria_Bacteroidota_Bacteroidia_Bacteroidales_Bacteroidaceae_Bacteroides_NA.277,46 : Bacteria_Bacteroidota_Bacteroidia_Bacteroidales_Bacteroidaceae_Bacteroides_uniformis.2,126 : Bacteria_Firmicutes_Clostridia_Clostridia-UCG-014_NA_NA_NA.22,150 : Bacteria_Firmicutes_Clostridia_Lachnospirales_Lachnospiraceae_Eisenbergiella_massiliensis.1,29 : Bacteria_Bacteroidota_Bacteroidia_Bacteroidales_Bacteroidaceae_Bacteroides_NA.330,34 : Bacteria_Bacteroidota_Bacteroidia_Bacteroidales_Bacteroidaceae_Bacteroides_NA.356,43 : Bacteria_Bacteroidota_Bacteroidia_Bacteroidales_Bacteroidaceae_Bacteroides_stercoris.1,42 : Bacteria_Bacteroidota_Bacteroidia_Bacteroidales_Bacteroidaceae_Bacteroides_salyersiae.1,45 : Bacteria_Bacteroidota_Bacteroidia_Bacteroidales_Bacteroidaceae_Bacteroides_uniformis.1,47 : Bacteria_Bacteroidota_Bacteroidia_Bacteroidales_Bacteroidaceae_Bacteroides_vulgatus.2,86 : Bacteria_Bacteroidota_Bacteroidia_Bacteroidales_Prevotellaceae_Prevotellaceae-NK3B31-group_NA.2,98 : Bacteria_Bacteroidota_Bacteroidia_Bacteroidales_Tannerellaceae_Parabacteroides_distasonis.3,223 : Bacteria_Firmicutes_Clostridia_Oscillospirales_Ruminococcaceae_Eubacterium-siraeum-group_NA.12,183 : Bacteria_Firmicutes_Clostridia_Lachnospirales_Lachnospiraceae_NA_NA.59,169 : Bacteria_Firmicutes_Clostridia_Lachnospirales_Lachnospiraceae_Lachnospira_pectinoschiza.1,125 : Bacteria_Firmicutes_Clostridia_Clostridia-UCG-014_NA_NA_NA.15,210 : Bacteria_Firmicutes_Clostridia_Oscillospirales_Oscillospiraceae_UCG-002_NA.30,71 : Bacteria_Bacteroidota_Bacteroidia_Bacteroidales_Prevotellaceae_Prevotella_7_NA.8,91 : Bacteria_Bacteroidota_Bacteroidia_Bacteroidales_Rikenellaceae_Alistipes_shahii.2,131 : Bacteria_Firmicutes_Clostridia_Clostridia-UCG-014_NA_NA_NA.79,93 : Bacteria_Bacteroidota_Bacteroidia_Bacteroidales_Rikenellaceae_Rikenellaceae-RC9-gut-group_NA.44,218 : Bacteria_Firmicutes_Clostridia_Oscillospirales_Oscillospiraceae_UCG-005_NA.37,244 : Bacteria_Firmicutes_Clostridia_Oscillospirales_UCG-010_NA_NA.66,65 : Bacteria_Bacteroidota_Bacteroidia_Bacteroidales_Porphyromonadaceae_Porphyromonas_NA.34,220 : Bacteria_Firmicutes_Clostridia_Oscillospirales_Oscillospiraceae_UCG-005_NA.40,103 : Bacteria_Firmicutes_Bacilli_Acholeplasmatales_Acholeplasmataceae_Anaeroplasma_NA.1,73 : Bacteria_Bacteroidota_Bacteroidia_Bacteroidales_Prevotellaceae_Prevotella_9_copri.3,75 : Bacteria_Bacteroidota_Bacteroidia_Bacteroidales_Prevotellaceae_Prevotella_9_NA.109,96 : Bacteria_Bacteroidota_Bacteroidia_Bacteroidales_Tannerellaceae_Parabacteroides_distasonis.1,195 : Bacteria_Firmicutes_Clostridia_Oscillospirales_Eubacterium-coprostanoligenes-group_NA_NA.48,104 : Bacteria_Firmicutes_Clostridia_Christensenellales_Christensenellaceae_Christensenellaceae-R-7-group_NA.10,106 : Bacteria_Firmicutes_Clostridia_Christensenellales_Christensenellaceae_Christensenellaceae-R-7-group_NA.113,109 : Bacteria_Firmicutes_Clostridia_Christensenellales_Christensenellaceae_Christensenellaceae-R-7-group_NA.141,239 : Bacteria_Firmicutes_Clostridia_Oscillospirales_Ruminococcaceae_Ruminococcus_NA.26,166 : Bacteria_Firmicutes_Clostridia_Lachnospirales_Lachnospiraceae_Lachnoclostridium_NA.88,138 : Bacteria_Firmicutes_Clostridia_Lachnospirales_Lachnospiraceae_Agathobacter_NA.91,140 : Bacteria_Firmicutes_Clostridia_Lachnospirales_Lachnospiraceae_Anaerostipes_NA.18,153 : Bacteria_Firmicutes_Clostridia_Lachnospirales_Lachnospiraceae_Eubacterium-eligens-group_NA.15,186 : Bacteria_Firmicutes_Clostridia_Lachnospirales_Lachnospiraceae_Roseburia_NA.20,178 : Bacteria_Firmicutes_Clostridia_Lachnospirales_Lachnospiraceae_Lachnospiraceae-NK4A136-group_NA.48,251 : Bacteria_Firmicutes_Clostridia_Peptostreptococcales-Tissierellales_Peptostreptococcaceae_Romboutsia_NA.10,231 : Bacteria_Firmicutes_Clostridia_Oscillospirales_Ruminococcaceae_NA_NA.13,221 : Bacteria_Firmicutes_Clostridia_Oscillospirales_Oscillospiraceae_UCG-005_NA.62,228 : Bacteria_Firmicutes_Clostridia_Oscillospirales_Ruminococcaceae_Faecalibacterium_prausnitzii.3
,219 : Bacteria_Firmicutes_Clostridia_Oscillospirales_Oscillospiraceae_UCG-005_NA.39,,54 : Bacteria_Bacteroidota_Bacteroidia_Bacteroidales_Barnesiellaceae_Barnesiella_NA.40,40 : Bacteria_Bacteroidota_Bacteroidia_Bacteroidales_Bacteroidaceae_Bacteroides_ovatus.1,16 : Bacteria_Bacteroidota_Bacteroidia_Bacteroidales_Bacteroidaceae_Bacteroides_fragilis.4,249 : Bacteria_Firmicutes_Clostridia_Peptostreptococcales-Tissierellales_Peptostreptococcaceae_Intestinibacter_bartlettii.1,88 : Bacteria_Bacteroidota_Bacteroidia_Bacteroidales_Rikenellaceae_Alistipes_inops.1,180 : Bacteria_Firmicutes_Clostridia_Lachnospirales_Lachnospiraceae_NA_NA.32,213 : Bacteria_Firmicutes_Clostridia_Oscillospirales_Oscillospiraceae_UCG-002_NA.37,19 : Bacteria_Bacteroidota_Bacteroidia_Bacteroidales_Bacteroidaceae_Bacteroides_massiliensis.2,,33 : Bacteria_Bacteroidota_Bacteroidia_Bacteroidales_Bacteroidaceae_Bacteroides_NA.353,,,179 : Bacteria_Firmicutes_Clostridia_Lachnospirales_Lachnospiraceae_NA_NA.31,67 : Bacteria_Bacteroidota_Bacteroidia_Bacteroidales_Prevotellaceae_Paraprevotella_NA.1,41 : Bacteria_Bacteroidota_Bacteroidia_Bacteroidales_Bacteroidaceae_Bacteroides_ovatus.2,,78 : Bacteria_Bacteroidota_Bacteroidia_Bacteroidales_Prevotellaceae_Prevotella_9_NA.136,240 : Bacteria_Firmicutes_Clostridia_Oscillospirales_Ruminococcaceae_Subdoligranulum_NA.18,,,159 : Bacteria_Firmicutes_Clostridia_Lachnospirales_Lachnospiraceae_Lachnoclostridium_NA.100,,230 : Bacteria_Firmicutes_Clostridia_Oscillospirales_Ruminococcaceae_Faecalibacterium_prausnitzii.6,255 : Bacteria_Proteobacteria_Alphaproteobacteria_Rhodospirillales_NA_NA_NA.4,,,,97 : Bacteria_Bacteroidota_Bacteroidia_Bacteroidales_Tannerellaceae_Parabacteroides_distasonis.10,182 : Bacteria_Firmicutes_Clostridia_Lachnospirales_Lachnospiraceae_NA_NA.44,,,,66 : Bacteria_Bacteroidota_Bacteroidia_Bacteroidales_Prevotellaceae_Alloprevotella_NA.39,,118 : Bacteria_Firmicutes_Clostridia_Christensenellales_Christensenellaceae_Christensenellaceae-R-7-group_NA.99,77 : Bacteria_Bacteroidota_Bacteroidia_Bacteroidales_Prevotellaceae_Prevotella_9_NA.134,76 : Bacteria_Bacteroidota_Bacteroidia_Bacteroidales_Prevotellaceae_Prevotella_9_NA.113,121 : Bacteria_Firmicutes_Clostridia_Clostridiales_Clostridiaceae_Clostridium-sensu-stricto-12_NA.29,232 : Bacteria_Firmicutes_Clostridia_Oscillospirales_Ruminococcaceae_NA_NA.38,113 : Bacteria_Firmicutes_Clostridia_Christensenellales_Christensenellaceae_Christensenellaceae-R-7-group_NA.34,110 : Bacteria_Firmicutes_Clostridia_Christensenellales_Christensenellaceae_Christensenellaceae-R-7-group_NA.154,117 : Bacteria_Firmicutes_Clostridia_Christensenellales_Christensenellaceae_Christensenellaceae-R-7-group_NA.97,,170 : Bacteria_Firmicutes_Clostridia_Lachnospirales_Lachnospiraceae_Lachnospiraceae_UCG-003_NA.9,185 : Bacteria_Firmicutes_Clostridia_Lachnospirales_Lachnospiraceae_Roseburia_inulinivorans.1,154 : Bacteria_Firmicutes_Clostridia_Lachnospirales_Lachnospiraceae_Eubacterium-hallii-group_NA.9,,254 : Bacteria_Proteobacteria_Alphaproteobacteria_Rhodospirillales_NA_NA_NA.2,,,,,
,,,68 : Bacteria_Bacteroidota_Bacteroidia_Bacteroidales_Prevotellaceae_Paraprevotella_NA.11,,24 : Bacteria_Bacteroidota_Bacteroidia_Bacteroidales_Bacteroidaceae_Bacteroides_NA.304,,,212 : Bacteria_Firmicutes_Clostridia_Oscillospirales_Oscillospiraceae_UCG-002_NA.36,,20 : Bacteria_Bacteroidota_Bacteroidia_Bacteroidales_Bacteroidaceae_Bacteroides_massiliensis.3,,44 : Bacteria_Bacteroidota_Bacteroidia_Bacteroidales_Bacteroidaceae_Bacteroides_thetaiotaomicron.1,,,,,101 : Bacteria_Bacteroidota_Bacteroidia_Bacteroidales_Tannerellaceae_Parabacteroides_merdae.1,,135 : Bacteria_Firmicutes_Clostridia_Clostridia-vadinBB60-group_NA_NA_NA.61,,,,160 : Bacteria_Firmicutes_Clostridia_Lachnospirales_Lachnospiraceae_Lachnoclostridium_NA.102,,234 : Bacteria_Firmicutes_Clostridia_Oscillospirales_Ruminococcaceae_Ruminococcus_bicirculans.1,,,,,192 : Bacteria_Firmicutes_Clostridia_Monoglobales_Monoglobaceae_Monoglobus_NA.5,207 : Bacteria_Firmicutes_Clostridia_Oscillospirales_Oscillospiraceae_UCG-002_NA.13,,,,92 : Bacteria_Bacteroidota_Bacteroidia_Bacteroidales_Rikenellaceae_Rikenellaceae-RC9-gut-group_NA.31,,134 : Bacteria_Firmicutes_Clostridia_Clostridia-vadinBB60-group_NA_NA_NA.56,81 : Bacteria_Bacteroidota_Bacteroidia_Bacteroidales_Prevotellaceae_Prevotella_9_NA.69,79 : Bacteria_Bacteroidota_Bacteroidia_Bacteroidales_Prevotellaceae_Prevotella_9_NA.54,122 : Bacteria_Firmicutes_Clostridia_Clostridiales_Clostridiaceae_Clostridium-sensu-stricto-12_paraputrificum.1,257 : Bacteria_Verrucomicrobiota_Verrucomicrobiae_Verrucomicrobiales_Akkermansiaceae_Akkermansia_muciniphila.1,,111 : Bacteria_Firmicutes_Clostridia_Christensenellales_Christensenellaceae_Christensenellaceae-R-7-group_NA.165,235 : Bacteria_Firmicutes_Clostridia_Oscillospirales_Ruminococcaceae_Ruminococcus_bromii.2,,,,,,,,,,,
,,,,,35 : Bacteria_Bacteroidota_Bacteroidia_Bacteroidales_Bacteroidaceae_Bacteroides_NA.37,,,,,25 : Bacteria_Bacteroidota_Bacteroidia_Bacteroidales_Bacteroidaceae_Bacteroides_NA.305,,53 : Bacteria_Bacteroidota_Bacteroidia_Bacteroidales_Barnesiellaceae_Barnesiella_NA.33,,,,,144 : Bacteria_Firmicutes_Clostridia_Lachnospirales_Lachnospiraceae_Blautia_NA.26,,194 : Bacteria_Firmicutes_Clostridia_Oscillospirales_Eubacterium-coprostanoligenes-group_NA_NA.15,,,,,,,,,,,238 : Bacteria_Firmicutes_Clostridia_Oscillospirales_Ruminococcaceae_Ruminococcus_NA.13,,,,,95 : Bacteria_Bacteroidota_Bacteroidia_Bacteroidales_Tannerellaceae_NA_NA.1,,229 : Bacteria_Firmicutes_Clostridia_Oscillospirales_Ruminococcaceae_Faecalibacterium_prausnitzii.4,83 : Bacteria_Bacteroidota_Bacteroidia_Bacteroidales_Prevotellaceae_Prevotella_9_NA.78,80 : Bacteria_Bacteroidota_Bacteroidia_Bacteroidales_Prevotellaceae_Prevotella_9_NA.66,172 : Bacteria_Firmicutes_Clostridia_Lachnospirales_Lachnospiraceae_Lachnospiraceae_UCG-004_NA.7,,,114 : Bacteria_Firmicutes_Clostridia_Christensenellales_Christensenellaceae_Christensenellaceae-R-7-group_NA.63,,,,,,,,,,,,
,,,,,62 : Bacteria_Bacteroidota_Bacteroidia_Bacteroidales_Porphyromonadaceae_Porphyromonas_NA.1,,,,,143 : Bacteria_Firmicutes_Clostridia_Lachnospirales_Lachnospiraceae_Blautia_NA.18,,87 : Bacteria_Bacteroidota_Bacteroidia_Bacteroidales_Rikenellaceae_Alistipes_finegoldii.2,,,,,158 : Bacteria_Firmicutes_Clostridia_Lachnospirales_Lachnospiraceae_Lachnoclostridium_edouardi.1,,205 : Bacteria_Firmicutes_Clostridia_Oscillospirales_Oscillospiraceae_NK4A214-group_NA.48,,,,,,,,,,,,,,,,147 : Bacteria_Firmicutes_Clostridia_Lachnospirales_Lachnospiraceae_Coprococcus_catus.1,,245 : Bacteria_Firmicutes_Clostridia_Oscillospirales_UCG-010_NA_NA.81,84 : Bacteria_Bacteroidota_Bacteroidia_Bacteroidales_Prevotellaceae_Prevotella_9_NA.88,82 : Bacteria_Bacteroidota_Bacteroidia_Bacteroidales_Prevotellaceae_Prevotella_9_NA.75,189 : Bacteria_Firmicutes_Clostridia_Lachnospirales_Lachnospiraceae_Ruminococcus-torques-group_NA.24,,,115 : Bacteria_Firmicutes_Clostridia_Christensenellales_Christensenellaceae_Christensenellaceae-R-7-group_NA.76,,,,,,,,,,,,
,,,,,64 : Bacteria_Bacteroidota_Bacteroidia_Bacteroidales_Porphyromonadaceae_Porphyromonas_NA.30,,,,,146 : Bacteria_Firmicutes_Clostridia_Lachnospirales_Lachnospiraceae_Blautia_obeum.1,,99 : Bacteria_Bacteroidota_Bacteroidia_Bacteroidales_Tannerellaceae_Parabacteroides_distasonis.6,,,,,161 : Bacteria_Firmicutes_Clostridia_Lachnospirales_Lachnospiraceae_Lachnoclostridium_NA.53,,217 : Bacteria_Firmicutes_Clostridia_Oscillospirales_Oscillospiraceae_UCG-005_NA.33,,,,,,,,,,,,,,,,155 : Bacteria_Firmicutes_Clostridia_Lachnospirales_Lachnospiraceae_Eubacterium-ruminantium-group_NA.2,,256 : Bacteria_Proteobacteria_Alphaproteobacteria_Rhodospirillales_NA_NA_NA.6,196 : Bacteria_Firmicutes_Clostridia_Oscillospirales_Eubacterium-coprostanoligenes-group_NA_NA.49,124 : Bacteria_Firmicutes_Clostridia_Clostridia-UCG-014_NA_NA_NA.118,252 : Bacteria_Firmicutes_Clostridia_Peptostreptococcales-Tissierellales_Peptostreptococcaceae_Romboutsia_sedimentorum.1,,,119 : Bacteria_Firmicutes_Clostridia_Christensenellales_Christensenellaceae_NA_NA.2,,,,,,,,,,,,
,,,,,100 : Bacteria_Bacteroidota_Bacteroidia_Bacteroidales_Tannerellaceae_Parabacteroides_distasonis.9,,,,,187 : Bacteria_Firmicutes_Clostridia_Lachnospirales_Lachnospiraceae_Ruminococcus-gauvreauii-group_NA.5,,142 : Bacteria_Firmicutes_Clostridia_Lachnospirales_Lachnospiraceae_Blautia_faecis.1,,,,,,,,,,,,,,,,,,,,,,,201 : Bacteria_Firmicutes_Clostridia_Oscillospirales_Oscillospiraceae_Intestinimonas_NA.7,,,,127 : Bacteria_Firmicutes_Clostridia_Clostridia-UCG-014_NA_NA_NA.46,,,,123 : Bacteria_Firmicutes_Clostridia_Clostridia-UCG-014_NA_NA_NA.116,,,,,,,,,,,,
,,,,,107 : Bacteria_Firmicutes_Clostridia_Christensenellales_Christensenellaceae_Christensenellaceae-R-7-group_NA.128,,,,,211 : Bacteria_Firmicutes_Clostridia_Oscillospirales_Oscillospiraceae_UCG-002_NA.31,,156 : Bacteria_Firmicutes_Clostridia_Lachnospirales_Lachnospiraceae_Fusicatenibacter_saccharivorans.1,,,,,,,,,,,,,,,,,,,,,,,204 : Bacteria_Firmicutes_Clostridia_Oscillospirales_Oscillospiraceae_NK4A214-group_NA.47,,,,145 : Bacteria_Firmicutes_Clostridia_Lachnospirales_Lachnospiraceae_Blautia_NA.6,,,,128 : Bacteria_Firmicutes_Clostridia_Clostridia-UCG-014_NA_NA_NA.51,,,,,,,,,,,,
,,,,,116 : Bacteria_Firmicutes_Clostridia_Christensenellales_Christensenellaceae_Christensenellaceae-R-7-group_NA.96,,,,,236 : Bacteria_Firmicutes_Clostridia_Oscillospirales_Ruminococcaceae_Ruminococcus_champanellensis.2,,157 : Bacteria_Firmicutes_Clostridia_Lachnospirales_Lachnospiraceae_Hungatella_hathewayi.2,,,,,,,,,,,,,,,,,,,,,,,214 : Bacteria_Firmicutes_Clostridia_Oscillospirales_Oscillospiraceae_UCG-002_NA.61,,,,148 : Bacteria_Firmicutes_Clostridia_Lachnospirales_Lachnospiraceae_Coprococcus_eutactus.1,,,,129 : Bacteria_Firmicutes_Clostridia_Clostridia-UCG-014_NA_NA_NA.53,,,,,,,,,,,,
,,,,,151 : Bacteria_Firmicutes_Clostridia_Lachnospirales_Lachnospiraceae_Eisenbergiella_tayi.1,,,,,,,162 : Bacteria_Firmicutes_Clostridia_Lachnospirales_Lachnospiraceae_Lachnoclostridium_NA.64,,,,,,,,,,,,,,,,,,,,,,,215 : Bacteria_Firmicutes_Clostridia_Oscillospirales_Oscillospiraceae_UCG-002_NA.64,,,,149 : Bacteria_Firmicutes_Clostridia_Lachnospirales_Lachnospiraceae_Coprococcus_NA.8,,,,130 : Bacteria_Firmicutes_Clostridia_Clostridia-UCG-014_NA_NA_NA.6,,,,,,,,,,,,
,,,,,173 : Bacteria_Firmicutes_Clostridia_Lachnospirales_Lachnospiraceae_Lachnospiraceae_UCG-010_NA.16,,,,,,,163 : Bacteria_Firmicutes_Clostridia_Lachnospirales_Lachnospiraceae_Lachnoclostridium_NA.66,,,,,,,,,,,,,,,,,,,,,,,247 : Bacteria_Firmicutes_Clostridia_Peptostreptococcales-Tissierellales_Anaerovoracaceae_Family-XIII-UCG-001_NA.1,,,,176 : Bacteria_Firmicutes_Clostridia_Lachnospirales_Lachnospiraceae_Lachnospiraceae-NK4A136-group_NA.10,,,,132 : Bacteria_Firmicutes_Clostridia_Clostridia-vadinBB60-group_NA_NA_NA.16,,,,,,,,,,,,
,,,,,174 : Bacteria_Firmicutes_Clostridia_Lachnospirales_Lachnospiraceae_Lachnospiraceae_UCG-010_NA.4,,,,,,,167 : Bacteria_Firmicutes_Clostridia_Lachnospirales_Lachnospiraceae_Lachnoclostridium_NA.92,,,,,,,,,,,,,,,,,,,,,,,258 : Bacteria_Verrucomicrobiota_Verrucomicrobiae_Verrucomicrobiales_Akkermansiaceae_Akkermansia_NA.4,,,,225 : Bacteria_Firmicutes_Clostridia_Oscillospirales_Ruminococcaceae_Eubacterium-siraeum-group_NA.14,,,,133 : Bacteria_Firmicutes_Clostridia_Clostridia-vadinBB60-group_NA_NA_NA.20,,,,,,,,,,,,
,,,,,181 : Bacteria_Firmicutes_Clostridia_Lachnospirales_Lachnospiraceae_NA_NA.43,,,,,,,168 : Bacteria_Firmicutes_Clostridia_Lachnospirales_Lachnospiraceae_Lachnoclostridium_NA.98,,,,,,,,,,,,,,,,,,,,,,,,,,,,,,,136 : Bacteria_Firmicutes_Clostridia_Clostridia-vadinBB60-group_NA_NA_NA.82,,,,,,,,,,,,
,,,,,193 : Bacteria_Firmicutes_Clostridia_Oscillospirales_Eubacterium-coprostanoligenes-group_NA_NA.10,,,,,,,171 : Bacteria_Firmicutes_Clostridia_Lachnospirales_Lachnospiraceae_Lachnospiraceae_UCG-004_NA.20,,,,,,,,,,,,,,,,,,,,,,,,,,,,,,,141 : Bacteria_Firmicutes_Clostridia_Lachnospirales_Lachnospiraceae_Bacteroides-pectinophilus-group_NA.1,,,,,,,,,,,,
,,,,,202 : Bacteria_Firmicutes_Clostridia_Oscillospirales_Oscillospiraceae_NK4A214-group_NA.18,,,,,,,177 : Bacteria_Firmicutes_Clostridia_Lachnospirales_Lachnospiraceae_Lachnospiraceae-NK4A136-group_NA.20,,,,,,,,,,,,,,,,,,,,,,,,,,,,,,,197 : Bacteria_Firmicutes_Clostridia_Oscillospirales_Oscillospiraceae_Colidextribacter_NA.14,,,,,,,,,,,,
,,,,,237 : Bacteria_Firmicutes_Clostridia_Oscillospirales_Ruminococcaceae_Ruminococcus_NA.10,,,,,,,184 : Bacteria_Firmicutes_Clostridia_Lachnospirales_Lachnospiraceae_Roseburia_intestinalis.1,,,,,,,,,,,,,,,,,,,,,,,,,,,,,,,203 : Bacteria_Firmicutes_Clostridia_Oscillospirales_Oscillospiraceae_NK4A214-group_NA.21,,,,,,,,,,,,
,,,,,246 : Bacteria_Firmicutes_Clostridia_Peptostreptococcales-Tissierellales_Anaerovoracaceae_Family-XIII-AD3011-group_NA.13,,,,,,,190 : Bacteria_Firmicutes_Clostridia_Lachnospirales_Lachnospiraceae_Ruminococcus-torques-group_NA.27,,,,,,,,,,,,,,,,,,,,,,,,,,,,,,,209 : Bacteria_Firmicutes_Clostridia_Oscillospirales_Oscillospiraceae_UCG-002_NA.25,,,,,,,,,,,,
,,,,,248 : Bacteria_Firmicutes_Clostridia_Peptostreptococcales-Tissierellales_Family-XI_Parvimonas_micra.1,,,,,,,191 : Bacteria_Firmicutes_Clostridia_Lachnospirales_Lachnospiraceae_Ruminococcus-torques-group_NA.29,,,,,,,,,,,,,,,,,,,,,,,,,,,,,,,222 : Bacteria_Firmicutes_Clostridia_Oscillospirales_Ruminococcaceae_CAG-352_NA.6,,,,,,,,,,,,
,,,,,250 : Bacteria_Firmicutes_Clostridia_Peptostreptococcales-Tissierellales_Peptostreptococcaceae_Peptostreptococcus_stomatis.1,,,,,,,199 : Bacteria_Firmicutes_Clostridia_Oscillospirales_Oscillospiraceae_Flavonifractor_plautii.1,,,,,,,,,,,,,,,,,,,,,,,,,,,,,,,224 : Bacteria_Firmicutes_Clostridia_Oscillospirales_Ruminococcaceae_Eubacterium-siraeum-group_NA.13,,,,,,,,,,,,
,,,,,253 : Bacteria_Fusobacteriota_Fusobacteriia_Fusobacteriales_Fusobacteriaceae_Fusobacterium_nucleatum,,,,,,,200 : Bacteria_Firmicutes_Clostridia_Oscillospirales_Oscillospiraceae_Flavonifractor_plautii.2,,,,,,,,,,,,,,,,,,,,,,,,,,,,,,,227 : Bacteria_Firmicutes_Clostridia_Oscillospirales_Ruminococcaceae_Faecalibacterium_prausnitzii.2,,,,,,,,,,,,
,,,,,,,,,,,,233 : Bacteria_Firmicutes_Clostridia_Oscillospirales_Ruminococcaceae_NA_NA.68,,,,,,,,,,,,,,,,,,,,,,,,,,,,,,,242 : Bacteria_Firmicutes_Clostridia_Oscillospirales_UCG-010_NA_NA.18,,,,,,,,,,,,
,,,,,,,,,,,,241 : Bacteria_Firmicutes_Clostridia_Oscillospirales_Ruminococcaceae_UBA1819_NA.4,,,,,,,,,,,,,,,,,,,,,,,,,,,,,,,243 : Bacteria_Firmicutes_Clostridia_Oscillospirales_UCG-010_NA_NA.51,,,,,,,,,,,,
