Community 0,Community 1,Community 2,Community 3,Community 4,Community 5,Community 6,Community 7,Community 8,Community 9,Community 10,Community 11,Community 12
0 : Bacteria_Actinobacteriota_Actinobacteria_Bifidobacteriales_Bifidobacteriaceae_Bifidobacterium_bifidum.1,4 : Bacteria_Actinobacteriota_Actinobacteria_Bifidobacteriales_Bifidobacteriaceae_Bifidobacterium_NA.21,6 : Bacteria_Actinobacteriota_Coriobacteriia_Coriobacteriales_Coriobacteriaceae_Collinsella_NA.7,7 : Bacteria_Actinobacteriota_Coriobacteriia_Coriobacteriales_Eggerthellaceae_Adlercreutzia_equolifaciens.3,9 : Bacteria_Actinobacteriota_Coriobacteriia_Coriobacteriales_Eggerthellaceae_NA_NA.2,14 : Bacteria_Bacteroidota_Bacteroidia_Bacteroidales_Bacteroidaceae_Bacteroides_caccae.3,16 : Bacteria_Bacteroidota_Bacteroidia_Bacteroidales_Bacteroidaceae_Bacteroides_coprocola.2,21 : Bacteria_Bacteroidota_Bacteroidia_Bacteroidales_Bacteroidaceae_Bacteroides_fragilis.4,36 : Bacteria_Bacteroidota_Bacteroidia_Bacteroidales_Bacteroidaceae_Bacteroides_NA.320,88 : Bacteria_Bacteroidota_Bacteroidia_Bacteroidales_Muribaculaceae_NA_NA.3,101 : Bacteria_Bacteroidota_Bacteroidia_Bacteroidales_Prevotellaceae_Prevotella_9_copri.2,257 : Bacteria_Firmicutes_Clostridia_Lachnospirales_Lachnospiraceae_Ruminococcus_gnavus_group_NA.10,356 : Bacteria_Fusobacteriota_Fusobacteriia_Fusobacteriales_Fusobacteriaceae_Fusobacterium_necrophorum.1
1 : Bacteria_Actinobacteriota_Actinobacteria_Bifidobacteriales_Bifidobacteriaceae_Bifidobacterium_longum.1,96 : Bacteria_Bacteroidota_Bacteroidia_Bacteroidales_Prevotellaceae_Paraprevotella_NA.11,22 : Bacteria_Bacteroidota_Bacteroidia_Bacteroidales_Bacteroidaceae_Bacteroides_intestinalis.1,8 : Bacteria_Actinobacteriota_Coriobacteriia_Coriobacteriales_Eggerthellaceae_Adlercreutzia_NA.6,11 : Bacteria_Actinobacteriota_Coriobacteriia_Coriobacteriales_Eggerthellaceae_Slackia_isoflavoniconvertens.1,17 : Bacteria_Bacteroidota_Bacteroidia_Bacteroidales_Bacteroidaceae_Bacteroides_coprocola.3,24 : Bacteria_Bacteroidota_Bacteroidia_Bacteroidales_Bacteroidaceae_Bacteroides_massiliensis.1,46 : Bacteria_Bacteroidota_Bacteroidia_Bacteroidales_Bacteroidaceae_Bacteroides_NA.37,43 : Bacteria_Bacteroidota_Bacteroidia_Bacteroidales_Bacteroidaceae_Bacteroides_NA.356,103 : Bacteria_Bacteroidota_Bacteroidia_Bacteroidales_Prevotellaceae_Prevotella_9_NA.108,102 : Bacteria_Bacteroidota_Bacteroidia_Bacteroidales_Prevotellaceae_Prevotella_9_copri.3,323 : Bacteria_Firmicutes_Clostridia_Oscillospirales_Ruminococcaceae_Faecalibacterium_prausnitzii.2,
2 : Bacteria_Actinobacteriota_Actinobacteria_Bifidobacteriales_Bifidobacteriaceae_Bifidobacterium_longum.2,,40 : Bacteria_Bacteroidota_Bacteroidia_Bacteroidales_Bacteroidaceae_Bacteroides_NA.342,10 : Bacteria_Actinobacteriota_Coriobacteriia_Coriobacteriales_Eggerthellaceae_Senegalimassilia_NA.7,12 : Bacteria_Bacteroidota_Bacteroidia_Bacteroidales_Bacteroidaceae_Bacteroides_caccae.1,18 : Bacteria_Bacteroidota_Bacteroidia_Bacteroidales_Bacteroidaceae_Bacteroides_coprocola.4,25 : Bacteria_Bacteroidota_Bacteroidia_Bacteroidales_Bacteroidaceae_Bacteroides_massiliensis.2,91 : Bacteria_Bacteroidota_Bacteroidia_Bacteroidales_Porphyromonadaceae_Porphyromonas_NA.22,54 : Bacteria_Bacteroidota_Bacteroidia_Bacteroidales_Bacteroidaceae_Bacteroides_ovatus.2,104 : Bacteria_Bacteroidota_Bacteroidia_Bacteroidales_Prevotellaceae_Prevotella_9_NA.109,106 : Bacteria_Bacteroidota_Bacteroidia_Bacteroidales_Prevotellaceae_Prevotella_9_NA.134,354 : Bacteria_Firmicutes_Clostridia_Peptostreptococcales-Tissierellales_Peptostreptococcaceae_Romboutsia_NA.10,
3 : Bacteria_Actinobacteriota_Actinobacteria_Bifidobacteriales_Bifidobacteriaceae_Bifidobacterium_NA.12,,42 : Bacteria_Bacteroidota_Bacteroidia_Bacteroidales_Bacteroidaceae_Bacteroides_NA.353,15 : Bacteria_Bacteroidota_Bacteroidia_Bacteroidales_Bacteroidaceae_Bacteroides_clarus.1,19 : Bacteria_Bacteroidota_Bacteroidia_Bacteroidales_Bacteroidaceae_Bacteroides_eggerthii.1,31 : Bacteria_Bacteroidota_Bacteroidia_Bacteroidales_Bacteroidaceae_Bacteroides_NA.304,26 : Bacteria_Bacteroidota_Bacteroidia_Bacteroidales_Bacteroidaceae_Bacteroides_massiliensis.3,92 : Bacteria_Bacteroidota_Bacteroidia_Bacteroidales_Porphyromonadaceae_Porphyromonas_NA.30,195 : Bacteria_Firmicutes_Clostridia_Lachnospirales_Lachnospiraceae_Blautia_NA.26,108 : Bacteria_Bacteroidota_Bacteroidia_Bacteroidales_Prevotellaceae_Prevotella_9_NA.54,110 : Bacteria_Bacteroidota_Bacteroidia_Bacteroidales_Prevotellaceae_Prevotella_9_NA.69,365 : Bacteria_Verrucomicrobiota_Verrucomicrobiae_Verrucomicrobiales_Akkermansiaceae_Akkermansia_NA.5,
5 : Bacteria_Actinobacteriota_Coriobacteriia_Coriobacteriales_Coriobacteriaceae_Collinsella_aerofaciens.1,,59 : Bacteria_Bacteroidota_Bacteroidia_Bacteroidales_Bacteroidaceae_Bacteroides_thetaiotaomicron.1,20 : Bacteria_Bacteroidota_Bacteroidia_Bacteroidales_Bacteroidaceae_Bacteroides_eggerthii.2,23 : Bacteria_Bacteroidota_Bacteroidia_Bacteroidales_Bacteroidaceae_Bacteroides_intestinalis.3,35 : Bacteria_Bacteroidota_Bacteroidia_Bacteroidales_Bacteroidaceae_Bacteroides_NA.311,27 : Bacteria_Bacteroidota_Bacteroidia_Bacteroidales_Bacteroidaceae_Bacteroides_NA.277,99 : Bacteria_Bacteroidota_Bacteroidia_Bacteroidales_Prevotellaceae_Prevotella_7_NA.18,221 : Bacteria_Firmicutes_Clostridia_Lachnospirales_Lachnospiraceae_Lachnoclostridium_NA.53,109 : Bacteria_Bacteroidota_Bacteroidia_Bacteroidales_Prevotellaceae_Prevotella_9_NA.66,112 : Bacteria_Bacteroidota_Bacteroidia_Bacteroidales_Prevotellaceae_Prevotella_9_NA.78,,
13 : Bacteria_Bacteroidota_Bacteroidia_Bacteroidales_Bacteroidaceae_Bacteroides_caccae.2,,60 : Bacteria_Bacteroidota_Bacteroidia_Bacteroidales_Bacteroidaceae_Bacteroides_uniformis.1,28 : Bacteria_Bacteroidota_Bacteroidia_Bacteroidales_Bacteroidaceae_Bacteroides_NA.286,39 : Bacteria_Bacteroidota_Bacteroidia_Bacteroidales_Bacteroidaceae_Bacteroides_NA.339,37 : Bacteria_Bacteroidota_Bacteroidia_Bacteroidales_Bacteroidaceae_Bacteroides_NA.330,30 : Bacteria_Bacteroidota_Bacteroidia_Bacteroidales_Bacteroidaceae_Bacteroides_NA.290,142 : Bacteria_Firmicutes_Bacilli_Acholeplasmatales_Acholeplasmataceae_Anaeroplasma_NA.1,,111 : Bacteria_Bacteroidota_Bacteroidia_Bacteroidales_Prevotellaceae_Prevotella_9_NA.75,,,
75 : Bacteria_Bacteroidota_Bacteroidia_Bacteroidales_Barnesiellaceae_Barnesiella_NA.40,,63 : Bacteria_Bacteroidota_Bacteroidia_Bacteroidales_Bacteroidaceae_Bacteroides_uniformis.5,29 : Bacteria_Bacteroidota_Bacteroidia_Bacteroidales_Bacteroidaceae_Bacteroides_NA.288,44 : Bacteria_Bacteroidota_Bacteroidia_Bacteroidales_Bacteroidaceae_Bacteroides_NA.359,41 : Bacteria_Bacteroidota_Bacteroidia_Bacteroidales_Bacteroidaceae_Bacteroides_NA.343,32 : Bacteria_Bacteroidota_Bacteroidia_Bacteroidales_Bacteroidaceae_Bacteroides_NA.305,351 : Bacteria_Firmicutes_Clostridia_Peptostreptococcales-Tissierellales_Family_XI_Parvimonas_micra.1,,169 : Bacteria_Firmicutes_Clostridia_Clostridia_UCG-014_NA_NA_NA.46,,,
119 : Bacteria_Bacteroidota_Bacteroidia_Bacteroidales_Rikenellaceae_Alistipes_inops.1,,137 : Bacteria_Bacteroidota_Bacteroidia_Bacteroidales_Tannerellaceae_Parabacteroides_distasonis.6,34 : Bacteria_Bacteroidota_Bacteroidia_Bacteroidales_Bacteroidaceae_Bacteroides_NA.310,49 : Bacteria_Bacteroidota_Bacteroidia_Bacteroidales_Bacteroidaceae_Bacteroides_NA.383,51 : Bacteria_Bacteroidota_Bacteroidia_Bacteroidales_Bacteroidaceae_Bacteroides_NA.398,33 : Bacteria_Bacteroidota_Bacteroidia_Bacteroidales_Bacteroidaceae_Bacteroides_NA.307,353 : Bacteria_Firmicutes_Clostridia_Peptostreptococcales-Tissierellales_Peptostreptococcaceae_Peptostreptococcus_stomatis.1,,197 : Bacteria_Firmicutes_Clostridia_Lachnospirales_Lachnospiraceae_Blautia_NA.6,,,
126 : Bacteria_Bacteroidota_Bacteroidia_Bacteroidales_Rikenellaceae_Alistipes_senegalensis.1,,140 : Bacteria_Bacteroidota_Bacteroidia_Bacteroidales_Tannerellaceae_Parabacteroides_merdae.1,45 : Bacteria_Bacteroidota_Bacteroidia_Bacteroidales_Bacteroidaceae_Bacteroides_NA.366,50 : Bacteria_Bacteroidota_Bacteroidia_Bacteroidales_Bacteroidaceae_Bacteroides_NA.396,66 : Bacteria_Bacteroidota_Bacteroidia_Bacteroidales_Bacteroidaceae_Bacteroides_vulgatus.4,38 : Bacteria_Bacteroidota_Bacteroidia_Bacteroidales_Bacteroidaceae_Bacteroides_NA.331,,,203 : Bacteria_Firmicutes_Clostridia_Lachnospirales_Lachnospiraceae_Coprococcus_eutactus.1,,,
127 : Bacteria_Bacteroidota_Bacteroidia_Bacteroidales_Rikenellaceae_Alistipes_shahii.2,,192 : Bacteria_Firmicutes_Clostridia_Lachnospirales_Lachnospiraceae_Blautia_faecis.1,57 : Bacteria_Bacteroidota_Bacteroidia_Bacteroidales_Bacteroidaceae_Bacteroides_salyersiae.1,52 : Bacteria_Bacteroidota_Bacteroidia_Bacteroidales_Bacteroidaceae_Bacteroides_nordii.1,67 : Bacteria_Bacteroidota_Bacteroidia_Bacteroidales_Bacteroidaceae_Bacteroides_vulgatus.5,47 : Bacteria_Bacteroidota_Bacteroidia_Bacteroidales_Bacteroidaceae_Bacteroides_NA.372,,,235 : Bacteria_Firmicutes_Clostridia_Lachnospirales_Lachnospiraceae_Lachnospiraceae_NK4A136_group_NA.10,,,
139 : Bacteria_Bacteroidota_Bacteroidia_Bacteroidales_Tannerellaceae_Parabacteroides_distasonis.9,,193 : Bacteria_Firmicutes_Clostridia_Lachnospirales_Lachnospiraceae_Blautia_massiliensis.1,62 : Bacteria_Bacteroidota_Bacteroidia_Bacteroidales_Bacteroidaceae_Bacteroides_uniformis.3,56 : Bacteria_Bacteroidota_Bacteroidia_Bacteroidales_Bacteroidaceae_Bacteroides_plebeius.2,79 : Bacteria_Bacteroidota_Bacteroidia_Bacteroidales_Barnesiellaceae_Barnesiella_NA.7,48 : Bacteria_Bacteroidota_Bacteroidia_Bacteroidales_Bacteroidaceae_Bacteroides_NA.374,,,318 : Bacteria_Firmicutes_Clostridia_Oscillospirales_Ruminococcaceae_Eubacterium_siraeum_group_NA.14,,,
144 : Bacteria_Firmicutes_Clostridia_Christensenellales_Christensenellaceae_Christensenellaceae_R-7_group_NA.104,,208 : Bacteria_Firmicutes_Clostridia_Lachnospirales_Lachnospiraceae_Eisenbergiella_massiliensis.1,70 : Bacteria_Bacteroidota_Bacteroidia_Bacteroidales_Barnesiellaceae_Barnesiella_NA.11,69 : Bacteria_Bacteroidota_Bacteroidia_Bacteroidales_Barnesiellaceae_Barnesiella_NA.1,114 : Bacteria_Bacteroidota_Bacteroidia_Bacteroidales_Prevotellaceae_Prevotella_intermedia.3,53 : Bacteria_Bacteroidota_Bacteroidia_Bacteroidales_Bacteroidaceae_Bacteroides_ovatus.1,,,,,,
147 : Bacteria_Firmicutes_Clostridia_Christensenellales_Christensenellaceae_Christensenellaceae_R-7_group_NA.128,,212 : Bacteria_Firmicutes_Clostridia_Lachnospirales_Lachnospiraceae_Eubacterium_hallii_group_NA.10,71 : Bacteria_Bacteroidota_Bacteroidia_Bacteroidales_Barnesiellaceae_Barnesiella_NA.22,72 : Bacteria_Bacteroidota_Bacteroidia_Bacteroidales_Barnesiellaceae_Barnesiella_NA.23,136 : Bacteria_Bacteroidota_Bacteroidia_Bacteroidales_Tannerellaceae_Parabacteroides_distasonis.3,55 : Bacteria_Bacteroidota_Bacteroidia_Bacteroidales_Bacteroidaceae_Bacteroides_plebeius.1,,,,,,
150 : Bacteria_Firmicutes_Clostridia_Christensenellales_Christensenellaceae_Christensenellaceae_R-7_group_NA.154,,216 : Bacteria_Firmicutes_Clostridia_Lachnospirales_Lachnospiraceae_Fusicatenibacter_saccharivorans.1,74 : Bacteria_Bacteroidota_Bacteroidia_Bacteroidales_Barnesiellaceae_Barnesiella_NA.33,77 : Bacteria_Bacteroidota_Bacteroidia_Bacteroidales_Barnesiellaceae_Barnesiella_NA.57,182 : Bacteria_Firmicutes_Clostridia_Clostridiales_Clostridiaceae_Clostridium_sensu_stricto_1_NA.29,58 : Bacteria_Bacteroidota_Bacteroidia_Bacteroidales_Bacteroidaceae_Bacteroides_stercoris.1,,,,,,
151 : Bacteria_Firmicutes_Clostridia_Christensenellales_Christensenellaceae_Christensenellaceae_R-7_group_NA.165,,217 : Bacteria_Firmicutes_Clostridia_Lachnospirales_Lachnospiraceae_Hungatella_hathewayi.2,76 : Bacteria_Bacteroidota_Bacteroidia_Bacteroidales_Barnesiellaceae_Barnesiella_NA.44,85 : Bacteria_Bacteroidota_Bacteroidia_Bacteroidales_Muribaculaceae_CAG-873_NA.3,183 : Bacteria_Firmicutes_Clostridia_Clostridiales_Clostridiaceae_Clostridium_sensu_stricto_1_paraputrificum.1,61 : Bacteria_Bacteroidota_Bacteroidia_Bacteroidales_Bacteroidaceae_Bacteroides_uniformis.2,,,,,,
156 : Bacteria_Firmicutes_Clostridia_Christensenellales_Christensenellaceae_Christensenellaceae_R-7_group_NA.63,,218 : Bacteria_Firmicutes_Clostridia_Lachnospirales_Lachnospiraceae_Lachnoclostridium_edouardi.1,78 : Bacteria_Bacteroidota_Bacteroidia_Bacteroidales_Barnesiellaceae_Barnesiella_NA.6,86 : Bacteria_Bacteroidota_Bacteroidia_Bacteroidales_Muribaculaceae_NA_NA.137,184 : Bacteria_Firmicutes_Clostridia_Lachnospirales_Lachnospiraceae_Agathobacter_NA.120,64 : Bacteria_Bacteroidota_Bacteroidia_Bacteroidales_Bacteroidaceae_Bacteroides_vulgatus.1,,,,,,
157 : Bacteria_Firmicutes_Clostridia_Christensenellales_Christensenellaceae_Christensenellaceae_R-7_group_NA.76,,222 : Bacteria_Firmicutes_Clostridia_Lachnospirales_Lachnospiraceae_Lachnoclostridium_NA.64,81 : Bacteria_Bacteroidota_Bacteroidia_Bacteroidales_Marinifilaceae_Butyricimonas_NA.31,89 : Bacteria_Bacteroidota_Bacteroidia_Bacteroidales_NA_NA_NA.4,187 : Bacteria_Firmicutes_Clostridia_Lachnospirales_Lachnospiraceae_Agathobacter_NA.91,65 : Bacteria_Bacteroidota_Bacteroidia_Bacteroidales_Bacteroidaceae_Bacteroides_vulgatus.2,,,,,,
158 : Bacteria_Firmicutes_Clostridia_Christensenellales_Christensenellaceae_Christensenellaceae_R-7_group_NA.96,,223 : Bacteria_Firmicutes_Clostridia_Lachnospirales_Lachnospiraceae_Lachnoclostridium_NA.66,82 : Bacteria_Bacteroidota_Bacteroidia_Bacteroidales_Marinifilaceae_Butyricimonas_virosa.2,94 : Bacteria_Bacteroidota_Bacteroidia_Bacteroidales_Prevotellaceae_Alloprevotella_NA.39,219 : Bacteria_Firmicutes_Clostridia_Lachnospirales_Lachnospiraceae_Lachnoclostridium_NA.100,68 : Bacteria_Bacteroidota_Bacteroidia_Bacteroidales_Barnesiellaceae_Barnesiella_intestinihominis.2,,,,,,
161 : Bacteria_Firmicutes_Clostridia_Christensenellales_Christensenellaceae_NA_NA.2,,227 : Bacteria_Firmicutes_Clostridia_Lachnospirales_Lachnospiraceae_Lachnoclostridium_NA.92,83 : Bacteria_Bacteroidota_Bacteroidia_Bacteroidales_Marinifilaceae_Odoribacter_splanchnicus.1,98 : Bacteria_Bacteroidota_Bacteroidia_Bacteroidales_Prevotellaceae_Prevotella_7_NA.11,220 : Bacteria_Firmicutes_Clostridia_Lachnospirales_Lachnospiraceae_Lachnoclostridium_NA.102,73 : Bacteria_Bacteroidota_Bacteroidia_Bacteroidales_Barnesiellaceae_Barnesiella_NA.31,,,,,,
162 : Bacteria_Firmicutes_Clostridia_Clostridia_UCG-014_NA_NA_NA.103,,228 : Bacteria_Firmicutes_Clostridia_Lachnospirales_Lachnospiraceae_Lachnoclostridium_NA.98,84 : Bacteria_Bacteroidota_Bacteroidia_Bacteroidales_Marinifilaceae_Odoribacter_splanchnicus.3,105 : Bacteria_Bacteroidota_Bacteroidia_Bacteroidales_Prevotellaceae_Prevotella_9_NA.113,241 : Bacteria_Firmicutes_Clostridia_Lachnospirales_Lachnospiraceae_Lachnospiraceae_UCG-004_NA.7,80 : Bacteria_Bacteroidota_Bacteroidia_Bacteroidales_Barnesiellaceae_Coprobacter_NA.10,,,,,,
163 : Bacteria_Firmicutes_Clostridia_Clostridia_UCG-014_NA_NA_NA.116,,236 : Bacteria_Firmicutes_Clostridia_Lachnospirales_Lachnospiraceae_Lachnospiraceae_NK4A136_group_NA.20,87 : Bacteria_Bacteroidota_Bacteroidia_Bacteroidales_Muribaculaceae_NA_NA.15,107 : Bacteria_Bacteroidota_Bacteroidia_Bacteroidales_Prevotellaceae_Prevotella_9_NA.136,242 : Bacteria_Firmicutes_Clostridia_Lachnospirales_Lachnospiraceae_Lachnospiraceae_UCG-010_NA.16,95 : Bacteria_Bacteroidota_Bacteroidia_Bacteroidales_Prevotellaceae_Paraprevotella_NA.1,,,,,,
167 : Bacteria_Firmicutes_Clostridia_Clostridia_UCG-014_NA_NA_NA.28,,251 : Bacteria_Firmicutes_Clostridia_Lachnospirales_Lachnospiraceae_Roseburia_intestinalis.1,90 : Bacteria_Bacteroidota_Bacteroidia_Bacteroidales_Porphyromonadaceae_Porphyromonas_NA.1,113 : Bacteria_Bacteroidota_Bacteroidia_Bacteroidales_Prevotellaceae_Prevotella_9_NA.88,243 : Bacteria_Firmicutes_Clostridia_Lachnospirales_Lachnospiraceae_Lachnospiraceae_UCG-010_NA.4,100 : Bacteria_Bacteroidota_Bacteroidia_Bacteroidales_Prevotellaceae_Prevotella_7_NA.8,,,,,,
168 : Bacteria_Firmicutes_Clostridia_Clostridia_UCG-014_NA_NA_NA.30,,260 : Bacteria_Firmicutes_Clostridia_Lachnospirales_Lachnospiraceae_Ruminococcus_torques_group_NA.27,93 : Bacteria_Bacteroidota_Bacteroidia_Bacteroidales_Porphyromonadaceae_Porphyromonas_NA.34,115 : Bacteria_Bacteroidota_Bacteroidia_Bacteroidales_Prevotellaceae_Prevotellaceae_NK3B31_group_NA.14,252 : Bacteria_Firmicutes_Clostridia_Lachnospirales_Lachnospiraceae_Roseburia_inulinivorans.1,181 : Bacteria_Firmicutes_Clostridia_Clostridiales_Clostridiaceae_Clostridium_sensu_stricto_1_NA.25,,,,,,
170 : Bacteria_Firmicutes_Clostridia_Clostridia_UCG-014_NA_NA_NA.51,,261 : Bacteria_Firmicutes_Clostridia_Lachnospirales_Lachnospiraceae_Ruminococcus_torques_group_NA.29,97 : Bacteria_Bacteroidota_Bacteroidia_Bacteroidales_Prevotellaceae_Paraprevotella_NA.9,116 : Bacteria_Bacteroidota_Bacteroidia_Bacteroidales_Prevotellaceae_Prevotellaceae_NK3B31_group_NA.2,355 : Bacteria_Firmicutes_Clostridia_Peptostreptococcales-Tissierellales_Peptostreptococcaceae_Romboutsia_sedimentorum.1,186 : Bacteria_Firmicutes_Clostridia_Lachnospirales_Lachnospiraceae_Agathobacter_NA.87,,,,,,
171 : Bacteria_Firmicutes_Clostridia_Clostridia_UCG-014_NA_NA_NA.53,,262 : Bacteria_Firmicutes_Clostridia_Lachnospirales_Lachnospiraceae_Sellimonas_intestinalis.1,117 : Bacteria_Bacteroidota_Bacteroidia_Bacteroidales_Rikenellaceae_Alistipes_finegoldii.1,121 : Bacteria_Bacteroidota_Bacteroidia_Bacteroidales_Rikenellaceae_Alistipes_NA.34,,189 : Bacteria_Firmicutes_Clostridia_Lachnospirales_Lachnospiraceae_Anaerostipes_hadrus.3,,,,,,
172 : Bacteria_Firmicutes_Clostridia_Clostridia_UCG-014_NA_NA_NA.6,,277 : Bacteria_Firmicutes_Clostridia_Oscillospirales_Oscillospiraceae_Flavonifractor_plautii.1,118 : Bacteria_Bacteroidota_Bacteroidia_Bacteroidales_Rikenellaceae_Alistipes_finegoldii.2,122 : Bacteria_Bacteroidota_Bacteroidia_Bacteroidales_Rikenellaceae_Alistipes_NA.40,,198 : Bacteria_Firmicutes_Clostridia_Lachnospirales_Lachnospiraceae_Blautia_obeum.1,,,,,,
175 : Bacteria_Firmicutes_Clostridia_Clostridia_vadinBB60_group_NA_NA_NA.16,,278 : Bacteria_Firmicutes_Clostridia_Oscillospirales_Oscillospiraceae_Flavonifractor_plautii.2,120 : Bacteria_Bacteroidota_Bacteroidia_Bacteroidales_Rikenellaceae_Alistipes_NA.28,124 : Bacteria_Bacteroidota_Bacteroidia_Bacteroidales_Rikenellaceae_Alistipes_obesi.1,,200 : Bacteria_Firmicutes_Clostridia_Lachnospirales_Lachnospiraceae_CAG-56_NA.6,,,,,,
176 : Bacteria_Firmicutes_Clostridia_Clostridia_vadinBB60_group_NA_NA_NA.20,,343 : Bacteria_Firmicutes_Clostridia_Oscillospirales_Ruminococcaceae_UBA1819_NA.4,123 : Bacteria_Bacteroidota_Bacteroidia_Bacteroidales_Rikenellaceae_Alistipes_NA.47,128 : Bacteria_Bacteroidota_Bacteroidia_Bacteroidales_Rikenellaceae_Rikenellaceae_RC9_gut_group_NA.31,,202 : Bacteria_Firmicutes_Clostridia_Lachnospirales_Lachnospiraceae_Coprococcus_comes.1,,,,,,
179 : Bacteria_Firmicutes_Clostridia_Clostridia_vadinBB60_group_NA_NA_NA.82,,,125 : Bacteria_Bacteroidota_Bacteroidia_Bacteroidales_Rikenellaceae_Alistipes_putredinis.1,129 : Bacteria_Bacteroidota_Bacteroidia_Bacteroidales_Rikenellaceae_Rikenellaceae_RC9_gut_group_NA.34,,205 : Bacteria_Firmicutes_Clostridia_Lachnospirales_Lachnospiraceae_Dorea_formicigenerans.1,,,,,,
191 : Bacteria_Firmicutes_Clostridia_Lachnospirales_Lachnospiraceae_Bacteroides_pectinophilus_group_NA.1,,,133 : Bacteria_Bacteroidota_Bacteroidia_Bacteroidales_Tannerellaceae_NA_NA.1,130 : Bacteria_Bacteroidota_Bacteroidia_Bacteroidales_Rikenellaceae_Rikenellaceae_RC9_gut_group_NA.44,,206 : Bacteria_Firmicutes_Clostridia_Lachnospirales_Lachnospiraceae_Dorea_longicatena.1,,,,,,
282 : Bacteria_Firmicutes_Clostridia_Oscillospirales_Oscillospiraceae_NK4A214_group_NA.14,,,134 : Bacteria_Bacteroidota_Bacteroidia_Bacteroidales_Tannerellaceae_Parabacteroides_distasonis.1,131 : Bacteria_Bacteroidota_Bacteroidia_Bacteroidales_Rikenellaceae_Rikenellaceae_RC9_gut_group_NA.48,,210 : Bacteria_Firmicutes_Clostridia_Lachnospirales_Lachnospiraceae_Eubacterium_eligens_group_NA.13,,,,,,
283 : Bacteria_Firmicutes_Clostridia_Oscillospirales_Oscillospiraceae_NK4A214_group_NA.18,,,135 : Bacteria_Bacteroidota_Bacteroidia_Bacteroidales_Tannerellaceae_Parabacteroides_distasonis.10,132 : Bacteria_Bacteroidota_Bacteroidia_Bacteroidales_Rikenellaceae_Rikenellaceae_RC9_gut_group_NA.51,,211 : Bacteria_Firmicutes_Clostridia_Lachnospirales_Lachnospiraceae_Eubacterium_eligens_group_NA.15,,,,,,
284 : Bacteria_Firmicutes_Clostridia_Oscillospirales_Oscillospiraceae_NK4A214_group_NA.21,,,138 : Bacteria_Bacteroidota_Bacteroidia_Bacteroidales_Tannerellaceae_Parabacteroides_distasonis.7,141 : Bacteria_Cyanobacteria_Vampirivibrionia_Gastranaerophilales_NA_NA_NA.2,,224 : Bacteria_Firmicutes_Clostridia_Lachnospirales_Lachnospiraceae_Lachnoclostridium_NA.68,,,,,,
287 : Bacteria_Firmicutes_Clostridia_Oscillospirales_Oscillospiraceae_NK4A214_group_NA.47,,,164 : Bacteria_Firmicutes_Clostridia_Clostridia_UCG-014_NA_NA_NA.118,143 : Bacteria_Firmicutes_Clostridia_Christensenellales_Christensenellaceae_Christensenellaceae_R-7_group_NA.10,,226 : Bacteria_Firmicutes_Clostridia_Lachnospirales_Lachnospiraceae_Lachnoclostridium_NA.88,,,,,,
293 : Bacteria_Firmicutes_Clostridia_Oscillospirales_Oscillospiraceae_UCG-002_NA.2,,,166 : Bacteria_Firmicutes_Clostridia_Clostridia_UCG-014_NA_NA_NA.22,145 : Bacteria_Firmicutes_Clostridia_Christensenellales_Christensenellaceae_Christensenellaceae_R-7_group_NA.113,,230 : Bacteria_Firmicutes_Clostridia_Lachnospirales_Lachnospiraceae_Lachnospira_pectinoschiza.1,,,,,,
294 : Bacteria_Firmicutes_Clostridia_Oscillospirales_Oscillospiraceae_UCG-002_NA.25,,,173 : Bacteria_Firmicutes_Clostridia_Clostridia_UCG-014_NA_NA_NA.79,146 : Bacteria_Firmicutes_Clostridia_Christensenellales_Christensenellaceae_Christensenellaceae_R-7_group_NA.119,,231 : Bacteria_Firmicutes_Clostridia_Lachnospirales_Lachnospiraceae_Lachnospira_pectinoschiza.2,,,,,,
313 : Bacteria_Firmicutes_Clostridia_Oscillospirales_Ruminococcaceae_CAG-352_NA.5,,,174 : Bacteria_Firmicutes_Clostridia_Clostridia_UCG-014_NA_NA_NA.9,148 : Bacteria_Firmicutes_Clostridia_Christensenellales_Christensenellaceae_Christensenellaceae_R-7_group_NA.131,,232 : Bacteria_Firmicutes_Clostridia_Lachnospirales_Lachnospiraceae_Lachnospiraceae_ND3007_group_NA.9,,,,,,
314 : Bacteria_Firmicutes_Clostridia_Oscillospirales_Ruminococcaceae_CAG-352_NA.6,,,180 : Bacteria_Firmicutes_Clostridia_Clostridia_vadinBB60_group_NA_NA_NA.9,149 : Bacteria_Firmicutes_Clostridia_Christensenellales_Christensenellaceae_Christensenellaceae_R-7_group_NA.141,,234 : Bacteria_Firmicutes_Clostridia_Lachnospirales_Lachnospiraceae_Lachnospiraceae_NK4A136_group_NA.1,,,,,,
334 : Bacteria_Firmicutes_Clostridia_Oscillospirales_Ruminococcaceae_Ruminococcus_bromii.1,,,185 : Bacteria_Firmicutes_Clostridia_Lachnospirales_Lachnospiraceae_Agathobacter_NA.142,152 : Bacteria_Firmicutes_Clostridia_Christensenellales_Christensenellaceae_Christensenellaceae_R-7_group_NA.18,,237 : Bacteria_Firmicutes_Clostridia_Lachnospirales_Lachnospiraceae_Lachnospiraceae_NK4A136_group_NA.48,,,,,,
344 : Bacteria_Firmicutes_Clostridia_Oscillospirales_UCG-010_NA_NA.18,,,188 : Bacteria_Firmicutes_Clostridia_Lachnospirales_Lachnospiraceae_Anaerostipes_hadrus.1,153 : Bacteria_Firmicutes_Clostridia_Christensenellales_Christensenellaceae_Christensenellaceae_R-7_group_NA.2,,238 : Bacteria_Firmicutes_Clostridia_Lachnospirales_Lachnospiraceae_Lachnospiraceae_NK4A136_group_NA.52,,,,,,
345 : Bacteria_Firmicutes_Clostridia_Oscillospirales_UCG-010_NA_NA.51,,,190 : Bacteria_Firmicutes_Clostridia_Lachnospirales_Lachnospiraceae_Anaerostipes_NA.18,154 : Bacteria_Firmicutes_Clostridia_Christensenellales_Christensenellaceae_Christensenellaceae_R-7_group_NA.34,,239 : Bacteria_Firmicutes_Clostridia_Lachnospirales_Lachnospiraceae_Lachnospiraceae_UCG-003_NA.9,,,,,,
346 : Bacteria_Firmicutes_Clostridia_Oscillospirales_UCG-010_NA_NA.66,,,194 : Bacteria_Firmicutes_Clostridia_Lachnospirales_Lachnospiraceae_Blautia_NA.18,155 : Bacteria_Firmicutes_Clostridia_Christensenellales_Christensenellaceae_Christensenellaceae_R-7_group_NA.43,,240 : Bacteria_Firmicutes_Clostridia_Lachnospirales_Lachnospiraceae_Lachnospiraceae_UCG-004_NA.20,,,,,,
349 : Bacteria_Firmicutes_Clostridia_Peptostreptococcales-Tissierellales_Anaerovoracaceae_Family_XIII_AD3011_group_NA.13,,,196 : Bacteria_Firmicutes_Clostridia_Lachnospirales_Lachnospiraceae_Blautia_NA.51,159 : Bacteria_Firmicutes_Clostridia_Christensenellales_Christensenellaceae_Christensenellaceae_R-7_group_NA.97,,244 : Bacteria_Firmicutes_Clostridia_Lachnospirales_Lachnospiraceae_NA_NA.31,,,,,,
363 : Bacteria_Verrucomicrobiota_Verrucomicrobiae_Verrucomicrobiales_Akkermansiaceae_Akkermansia_muciniphila.2,,,207 : Bacteria_Firmicutes_Clostridia_Lachnospirales_Lachnospiraceae_Dorea_NA.31,160 : Bacteria_Firmicutes_Clostridia_Christensenellales_Christensenellaceae_Christensenellaceae_R-7_group_NA.99,,248 : Bacteria_Firmicutes_Clostridia_Lachnospirales_Lachnospiraceae_NA_NA.59,,,,,,
,,,209 : Bacteria_Firmicutes_Clostridia_Lachnospirales_Lachnospiraceae_Eisenbergiella_tayi.1,165 : Bacteria_Firmicutes_Clostridia_Clostridia_UCG-014_NA_NA_NA.15,,249 : Bacteria_Firmicutes_Clostridia_Lachnospirales_Lachnospiraceae_NA_NA.77,,,,,,
,,,213 : Bacteria_Firmicutes_Clostridia_Lachnospirales_Lachnospiraceae_Eubacterium_hallii_group_NA.9,177 : Bacteria_Firmicutes_Clostridia_Clostridia_vadinBB60_group_NA_NA_NA.56,,250 : Bacteria_Firmicutes_Clostridia_Lachnospirales_Lachnospiraceae_Roseburia_hominis.1,,,,,,
,,,215 : Bacteria_Firmicutes_Clostridia_Lachnospirales_Lachnospiraceae_Frisingicoccus_NA.1,178 : Bacteria_Firmicutes_Clostridia_Clostridia_vadinBB60_group_NA_NA_NA.61,,254 : Bacteria_Firmicutes_Clostridia_Lachnospirales_Lachnospiraceae_Roseburia_NA.20,,,,,,
,,,225 : Bacteria_Firmicutes_Clostridia_Lachnospirales_Lachnospiraceae_Lachnoclostridium_NA.83,199 : Bacteria_Firmicutes_Clostridia_Lachnospirales_Lachnospiraceae_Butyrivibrio_crossotus.1,,258 : Bacteria_Firmicutes_Clostridia_Lachnospirales_Lachnospiraceae_Ruminococcus_torques_group_NA.19,,,,,,
,,,233 : Bacteria_Firmicutes_Clostridia_Lachnospirales_Lachnospiraceae_Lachnospiraceae_NK4A136_group_bacterium.1,201 : Bacteria_Firmicutes_Clostridia_Lachnospirales_Lachnospiraceae_Coprococcus_catus.1,,259 : Bacteria_Firmicutes_Clostridia_Lachnospirales_Lachnospiraceae_Ruminococcus_torques_group_NA.24,,,,,,
,,,246 : Bacteria_Firmicutes_Clostridia_Lachnospirales_Lachnospiraceae_NA_NA.43,204 : Bacteria_Firmicutes_Clostridia_Lachnospirales_Lachnospiraceae_Coprococcus_NA.8,,263 : Bacteria_Firmicutes_Clostridia_Monoglobales_Monoglobaceae_Monoglobus_NA.5,,,,,,
,,,247 : Bacteria_Firmicutes_Clostridia_Lachnospirales_Lachnospiraceae_NA_NA.44,214 : Bacteria_Firmicutes_Clostridia_Lachnospirales_Lachnospiraceae_Eubacterium_ruminantium_group_NA.2,,264 : Bacteria_Firmicutes_Clostridia_Oscillospirales_Butyricicoccaceae_Butyricicoccus_NA.11,,,,,,
,,,255 : Bacteria_Firmicutes_Clostridia_Lachnospirales_Lachnospiraceae_Roseburia_NA.4,229 : Bacteria_Firmicutes_Clostridia_Lachnospirales_Lachnospiraceae_Lachnospira_NA.19,,266 : Bacteria_Firmicutes_Clostridia_Oscillospirales_Butyricicoccaceae_Butyricicoccus_NA.25,,,,,,
,,,256 : Bacteria_Firmicutes_Clostridia_Lachnospirales_Lachnospiraceae_Ruminococcus_gauvreauii_group_NA.5,245 : Bacteria_Firmicutes_Clostridia_Lachnospirales_Lachnospiraceae_NA_NA.32,,274 : Bacteria_Firmicutes_Clostridia_Oscillospirales_Oscillospiraceae_Colidextribacter_NA.10,,,,,,
,,,265 : Bacteria_Firmicutes_Clostridia_Oscillospirales_Butyricicoccaceae_Butyricicoccus_NA.13,253 : Bacteria_Firmicutes_Clostridia_Lachnospirales_Lachnospiraceae_Roseburia_NA.19,,316 : Bacteria_Firmicutes_Clostridia_Oscillospirales_Ruminococcaceae_Eubacterium_siraeum_group_NA.12,,,,,,
,,,267 : Bacteria_Firmicutes_Clostridia_Oscillospirales_Eubacterium_coprostanoligenes_group_NA_NA.10,269 : Bacteria_Firmicutes_Clostridia_Oscillospirales_Eubacterium_coprostanoligenes_group_NA_NA.17,,322 : Bacteria_Firmicutes_Clostridia_Oscillospirales_Ruminococcaceae_Faecalibacterium_prausnitzii.1,,,,,,
,,,268 : Bacteria_Firmicutes_Clostridia_Oscillospirales_Eubacterium_coprostanoligenes_group_NA_NA.15,271 : Bacteria_Firmicutes_Clostridia_Oscillospirales_Eubacterium_coprostanoligenes_group_NA_NA.48,,324 : Bacteria_Firmicutes_Clostridia_Oscillospirales_Ruminococcaceae_Faecalibacterium_prausnitzii.3,,,,,,
,,,270 : Bacteria_Firmicutes_Clostridia_Oscillospirales_Eubacterium_coprostanoligenes_group_NA_NA.37,272 : Bacteria_Firmicutes_Clostridia_Oscillospirales_Eubacterium_coprostanoligenes_group_NA_NA.49,,325 : Bacteria_Firmicutes_Clostridia_Oscillospirales_Ruminococcaceae_Faecalibacterium_prausnitzii.4,,,,,,
,,,275 : Bacteria_Firmicutes_Clostridia_Oscillospirales_Oscillospiraceae_Colidextribacter_NA.14,273 : Bacteria_Firmicutes_Clostridia_Oscillospirales_Eubacterium_coprostanoligenes_group_NA_NA.55,,326 : Bacteria_Firmicutes_Clostridia_Oscillospirales_Ruminococcaceae_Faecalibacterium_prausnitzii.5,,,,,,
,,,276 : Bacteria_Firmicutes_Clostridia_Oscillospirales_Oscillospiraceae_Colidextribacter_NA.17,280 : Bacteria_Firmicutes_Clostridia_Oscillospirales_Oscillospiraceae_Intestinimonas_NA.7,,327 : Bacteria_Firmicutes_Clostridia_Oscillospirales_Ruminococcaceae_Faecalibacterium_prausnitzii.6,,,,,,
,,,279 : Bacteria_Firmicutes_Clostridia_Oscillospirales_Oscillospiraceae_Intestinimonas_NA.16,281 : Bacteria_Firmicutes_Clostridia_Oscillospirales_Oscillospiraceae_NA_NA.16,,333 : Bacteria_Firmicutes_Clostridia_Oscillospirales_Ruminococcaceae_Ruminococcus_bicirculans.1,,,,,,
,,,289 : Bacteria_Firmicutes_Clostridia_Oscillospirales_Oscillospiraceae_Oscillibacter_NA.3,285 : Bacteria_Firmicutes_Clostridia_Oscillospirales_Oscillospiraceae_NK4A214_group_NA.25,,358 : Bacteria_Proteobacteria_Alphaproteobacteria_Rhodospirillales_NA_NA_NA.2,,,,,,
,,,290 : Bacteria_Firmicutes_Clostridia_Oscillospirales_Oscillospiraceae_UCG-002_NA.11,286 : Bacteria_Firmicutes_Clostridia_Oscillospirales_Oscillospiraceae_NK4A214_group_NA.35,,,,,,,,
,,,291 : Bacteria_Firmicutes_Clostridia_Oscillospirales_Oscillospiraceae_UCG-002_NA.13,288 : Bacteria_Firmicutes_Clostridia_Oscillospirales_Oscillospiraceae_NK4A214_group_NA.48,,,,,,,,
,,,292 : Bacteria_Firmicutes_Clostridia_Oscillospirales_Oscillospiraceae_UCG-002_NA.17,295 : Bacteria_Firmicutes_Clostridia_Oscillospirales_Oscillospiraceae_UCG-002_NA.30,,,,,,,,
,,,296 : Bacteria_Firmicutes_Clostridia_Oscillospirales_Oscillospiraceae_UCG-002_NA.31,297 : Bacteria_Firmicutes_Clostridia_Oscillospirales_Oscillospiraceae_UCG-002_NA.36,,,,,,,,
,,,298 : Bacteria_Firmicutes_Clostridia_Oscillospirales_Oscillospiraceae_UCG-002_NA.37,300 : Bacteria_Firmicutes_Clostridia_Oscillospirales_Oscillospiraceae_UCG-002_NA.55,,,,,,,,
,,,299 : Bacteria_Firmicutes_Clostridia_Oscillospirales_Oscillospiraceae_UCG-002_NA.38,301 : Bacteria_Firmicutes_Clostridia_Oscillospirales_Oscillospiraceae_UCG-002_NA.61,,,,,,,,
,,,302 : Bacteria_Firmicutes_Clostridia_Oscillospirales_Oscillospiraceae_UCG-002_NA.62,303 : Bacteria_Firmicutes_Clostridia_Oscillospirales_Oscillospiraceae_UCG-002_NA.64,,,,,,,,
,,,307 : Bacteria_Firmicutes_Clostridia_Oscillospirales_Oscillospiraceae_UCG-005_NA.33,304 : Bacteria_Firmicutes_Clostridia_Oscillospirales_Oscillospiraceae_UCG-003_NA.5,,,,,,,,
,,,308 : Bacteria_Firmicutes_Clostridia_Oscillospirales_Oscillospiraceae_UCG-005_NA.37,305 : Bacteria_Firmicutes_Clostridia_Oscillospirales_Oscillospiraceae_UCG-003_NA.8,,,,,,,,
,,,309 : Bacteria_Firmicutes_Clostridia_Oscillospirales_Oscillospiraceae_UCG-005_NA.39,306 : Bacteria_Firmicutes_Clostridia_Oscillospirales_Oscillospiraceae_UCG-005_NA.22,,,,,,,,
,,,310 : Bacteria_Firmicutes_Clostridia_Oscillospirales_Oscillospiraceae_UCG-005_NA.40,312 : Bacteria_Firmicutes_Clostridia_Oscillospirales_Oscillospiraceae_UCG-005_NA.62,,,,,,,,
,,,311 : Bacteria_Firmicutes_Clostridia_Oscillospirales_Oscillospiraceae_UCG-005_NA.41,317 : Bacteria_Firmicutes_Clostridia_Oscillospirales_Ruminococcaceae_Eubacterium_siraeum_group_NA.13,,,,,,,,
,,,315 : Bacteria_Firmicutes_Clostridia_Oscillospirales_Ruminococcaceae_CAG-352_NA.8,321 : Bacteria_Firmicutes_Clostridia_Oscillospirales_Ruminococcaceae_Faecalibacterium_NA.8,,,,,,,,
,,,319 : Bacteria_Firmicutes_Clostridia_Oscillospirales_Ruminococcaceae_Eubacterium_siraeum_group_NA.15,330 : Bacteria_Firmicutes_Clostridia_Oscillospirales_Ruminococcaceae_NA_NA.13,,,,,,,,
,,,320 : Bacteria_Firmicutes_Clostridia_Oscillospirales_Ruminococcaceae_Faecalibacterium_NA.13,342 : Bacteria_Firmicutes_Clostridia_Oscillospirales_Ruminococcaceae_Subdoligranulum_NA.60,,,,,,,,
,,,328 : Bacteria_Firmicutes_Clostridia_Oscillospirales_Ruminococcaceae_Incertae_Sedis_NA.20,347 : Bacteria_Firmicutes_Clostridia_Oscillospirales_UCG-010_NA_NA.81,,,,,,,,
,,,329 : Bacteria_Firmicutes_Clostridia_Oscillospirales_Ruminococcaceae_Incertae_Sedis_NA.23,348 : Bacteria_Firmicutes_Clostridia_Peptostreptococcales-Tissierellales_Anaerovoracaceae_Family_XIII_AD3011_group_NA.12,,,,,,,,
,,,331 : Bacteria_Firmicutes_Clostridia_Oscillospirales_Ruminococcaceae_NA_NA.38,350 : Bacteria_Firmicutes_Clostridia_Peptostreptococcales-Tissierellales_Anaerovoracaceae_Family_XIII_UCG-001_NA.1,,,,,,,,
,,,332 : Bacteria_Firmicutes_Clostridia_Oscillospirales_Ruminococcaceae_NA_NA.68,360 : Bacteria_Proteobacteria_Alphaproteobacteria_Rhodospirillales_NA_NA_NA.5,,,,,,,,
,,,335 : Bacteria_Firmicutes_Clostridia_Oscillospirales_Ruminococcaceae_Ruminococcus_bromii.2,361 : Bacteria_Proteobacteria_Alphaproteobacteria_Rhodospirillales_NA_NA_NA.6,,,,,,,,
,,,336 : Bacteria_Firmicutes_Clostridia_Oscillospirales_Ruminococcaceae_Ruminococcus_champanellensis.2,364 : Bacteria_Verrucomicrobiota_Verrucomicrobiae_Verrucomicrobiales_Akkermansiaceae_Akkermansia_NA.4,,,,,,,,
,,,337 : Bacteria_Firmicutes_Clostridia_Oscillospirales_Ruminococcaceae_Ruminococcus_NA.10,,,,,,,,,
,,,338 : Bacteria_Firmicutes_Clostridia_Oscillospirales_Ruminococcaceae_Ruminococcus_NA.13,,,,,,,,,
,,,339 : Bacteria_Firmicutes_Clostridia_Oscillospirales_Ruminococcaceae_Ruminococcus_NA.18,,,,,,,,,
,,,340 : Bacteria_Firmicutes_Clostridia_Oscillospirales_Ruminococcaceae_Ruminococcus_NA.26,,,,,,,,,
,,,341 : Bacteria_Firmicutes_Clostridia_Oscillospirales_Ruminococcaceae_Subdoligranulum_NA.18,,,,,,,,,
,,,352 : Bacteria_Firmicutes_Clostridia_Peptostreptococcales-Tissierellales_Peptostreptococcaceae_Intestinibacter_bartlettii.1,,,,,,,,,
,,,357 : Bacteria_Proteobacteria_Alphaproteobacteria_Rhodospirillales_NA_NA_NA.13,,,,,,,,,
,,,359 : Bacteria_Proteobacteria_Alphaproteobacteria_Rhodospirillales_NA_NA_NA.4,,,,,,,,,
,,,362 : Bacteria_Verrucomicrobiota_Verrucomicrobiae_Verrucomicrobiales_Akkermansiaceae_Akkermansia_muciniphila.1,,,,,,,,,
